pos	dist_to_SIA
82	36.48446768437928
83	36.56060603237826
84	32.3379753194716
85	28.698507163305816
86	32.18150300081515
87	28.00487203504024
88	34.016996006006686
89	34.132932321497734
90	34.08231761046598
91	29.89438926602804
92	31.6902437523317
93	34.326184630068425
94	30.247859073578674
95	32.71053539472448
96	29.18291362983561
97	26.173997776988234
98	28.546671250046487
99	28.414695256690887
100	26.589961132385223
101	24.508701312040866
102	24.057716891718457
103	22.1204537090955
104	24.57644841897891
105	21.29185655070619
106	20.957624911761123
107	26.5031646200844
108	26.18416955414919
109	24.0731333856404
110	27.32734046804275
111	29.274633978654347
112	27.59880260662231
113	26.978496528349496
114	22.778953838266585
115	19.67073304032001
116	16.36051923127768
117	14.01041595181446
118	8.704111813106
119	8.115340426165263
120	12.458578781646931
121	14.493494953191624
122	18.77462807733289
123	20.82697049431549
124	24.417996590931423
125	27.806285587791795
126	30.452729800340006
127	32.08577788099469
128	28.94802469932435
129	25.2849308041115
130	23.99057658640722
131	20.200261358815983
132	17.433081142983674
133	14.185194538207874
134	11.203052258086972
135	13.874681568555959
136	13.503024713726223
137	18.286396844496778
138	19.336948004865125
139	21.981384935601184
140	21.200244953979592
141	25.804660839084786
142	23.655119476495546
143	23.359860662098054
144	21.970759441230566
145	19.143616775336106
146	19.310781657703703
147	15.538430645091186
148	13.730386655425376
149	10.711461270574647
150	10.734904231819064
151	5.737886406037373
152	7.843822123169025
153	12.762157118595901
154	16.045394562935254
155	17.395239993213238
156	11.574854090100553
157	16.123060037287782
158	15.980624860185568
159	17.66966185655815
160	21.40462834111438
161	23.060264294236664
162	26.934899714125105
163	24.19854122488189
164	25.347717167469742
165	25.52715085849536
166	24.254716136115405
167	20.06244751762839
168	25.815420340797097
169	26.300208215995536
170	26.81462163163735
171	23.372277009137054
172	24.011207582306103
173	20.956220110902837
174	20.553119264564227
175	18.11441203889155
176	17.341010286616026
177	12.986374487979344
178	9.417623362665356
179	9.180182480747236
180	11.681208257199781
181	14.639384906183919
182	17.629425414552752
183	21.07233330392915
184	26.146450114838814
185	27.820025338021196
186	30.329250081363263
187	32.22446782295109
188	27.778808621255262
189	23.92427078552337
190	21.43695488613727
191	19.734249156567092
192	15.950079934544757
193	15.43914146079648
194	12.246278912276939
195	14.315905363886529
196	14.241556263220305
197	15.772731363481125
198	11.552318944186128
199	15.67736766238573
200	17.685281668545485
201	15.03007671428456
202	17.069232265373028
203	16.98576128198873
204	18.810186280723876
205	20.153305619292492
206	22.22800825520383
207	26.856462091815878
208	29.26270245321565
209	27.347707825472273
210	29.34739975793864
211	25.250356040735063
212	26.534352934636708
213	24.053977707763472
214	22.18689615799944
215	19.30893214774235
216	18.6840765422316
217	16.6108444196013
218	16.848849613377688
219	16.37106990614487
220	17.062154722329403
221	12.569166528181256
222	8.711797834575997
223	11.692156779147794
224	7.589282631267288
225	10.024521725744917
226	11.977779599630063
227	8.596447943476294
228	13.298829556553562
229	18.143618677632205
230	18.528978167278105
231	21.703116047472708
232	25.025163549860732
233	28.170634766933823
234	32.27374286829045
235	29.07252656694923
236	27.10483160320489
237	23.391139100003034
238	20.64780548534259
239	16.87702518238337
240	14.377615005448497
241	13.379790247888307
242	10.788158517433773
243	12.840238811514116
244	11.304480698289211
245	11.371340210956253
246	8.672958197103663
247	12.25111422932533
248	13.814737481271429
249	17.66481217384759
250	14.37856316727698
251	16.023422946207614
252	15.179820380212343
253	17.780958952871426
254	19.20164659121957
255	19.580704104513924
256	23.752627919967125
257	23.340402130144028
258	28.552318592794503
259	29.78846430494553
260	25.205076762352622
261	27.39076742795858
262	24.144651664609167
263	27.702358850790283
264	26.20845306710436
265	22.8769744381152
266	22.549660199434868
267	21.895728578880398
268	18.927459465471596
269	22.72042830860905
270	22.788180207913708
271	22.167967848376264
272	18.52857933425685
273	18.31449837529614
274	12.015311060878105
275	12.407275179270806
276	7.69838879749194
277	7.15484095882867
278	12.50845552059768
279	14.744292810810872
280	17.600795712048892
281	21.89128157930416
282	24.740326739767923
283	27.45123778941326
284	31.737349497959208
285	30.694656797311826
286	26.815169422467047
287	22.91956208207332
288	23.007396817025136
289	17.891394824017098
290	16.358092629319206
291	13.119780410006959
292	7.692660400607404
293	12.539211241259695
294	8.68937447545333
295	14.915338425149285
296	17.259808006602864
297	15.160493624887515
298	16.534774154374404
299	18.039988557854375
300	14.737543306442964
301	15.758622802969109
302	19.810219182805383
303	18.788108294858194
304	23.144950854793155
305	22.645377450357355
306	27.861817631709982
307	27.479715333116445
308	31.530726092138355
309	30.543569847646367
310	27.788181137051993
311	26.954339372847617
312	23.317805423351196
313	24.205808621213265
314	21.521999214970325
315	21.560048908188232
316	19.406744576573722
317	21.222412196594824
318	25.246890823796644
319	24.14358294124817
320	24.775215215794695
321	24.24799518753436
322	19.81675835603534
323	16.47589700754503
324	13.396197667575931
325	12.966490989663859
326	13.971235693478265
327	18.13228199879376
328	22.040950918049845
329	24.961371699441234
330	25.641185973900892
331	28.641835796895535
332	26.502034442025895
333	24.3753289367072
334	24.332905047495945
335	24.170474954757275
336	27.425156160542375
337	25.109153991986872
338	25.555102638348085
339	23.198895519592632
340	19.759557580459894
341	20.487983633399775
342	20.67983769169186
343	20.886128296598454
344	17.899536028632493
345	14.603569133651076
346	12.582547021863178
347	9.775665620092084
348	8.45238523680307
349	9.202991041071412
350	9.417227100507576
351	12.732358432389894
352	17.85095013358584
353	19.52406282926502
354	23.71226649307486
355	26.363469972702646
356	30.064060529838155
357	31.06475579685299
358	32.18011960558442
359	30.226151667067242
360	25.33513291088571
361	26.494908939086304
362	21.303122194323915
363	18.630574597611297
364	19.515390239178927
365	16.614255354556054
366	21.097942864188262
367	18.625263805920603
368	20.015708128759563
369	17.49453076505176
370	15.934376187000742
371	10.963008246013448
372	17.56027934350368
373	18.8484718595786
374	18.396204848695707
375	22.021924282451803
376	23.54935708670788
377	24.67146979961493
378	29.291509422650837
379	27.590121657115272
380	32.13197006319747
381	32.711463394973094
382	27.272446827124806
383	25.56043295340095
384	30.446867046891505
385	31.81152868425258
386	29.883104792976688
387	28.270634898338685
388	29.15926461738436
389	28.641654455105655
390	32.36881392234954
391	29.216842927535907
392	31.99250211217352
393	31.155019935862256
394	27.648275370900752
395	27.21896409193125
396	25.87955843484028
397	22.951095150790554
398	21.53999044002718
399	24.42284099574981
400	23.935369969282377
401	23.28340205612998
402	21.898297000405382
403	16.384878324951014
404	14.982188516134517
405	11.956306791651352
406	8.089417975810006
407	13.171079402307232
408	15.30072820641826
409	18.262757888610977
410	20.948550866347638
411	23.70082257025696
412	27.172590045652893
413	31.33683924596475
414	33.58616345628299
415	37.31636769717623
416	37.18236700499449
417	33.43668597945298
418	29.598144829290753
419	27.976897303981833
420	24.998824010131464
421	22.663706391139694
422	20.200936581268767
423	15.403643826825753
424	16.401435719053932
425	12.143267278289963
426	16.624058023755495
427	12.998215710401336
428	18.14774502665967
429	16.23577446413491
430	16.963900550218973
431	14.337854045537691
432	15.26804595937992
433	18.89925761407213
434	21.252550778639243
435	23.66088436143459
436	20.91833603995003
437	20.246401529223586
438	18.45627591326958
439	13.405187360752212
440	14.747523373019456
441	14.658206566608417
442	17.71726500587911
443	18.510623822429455
444	20.37524189497909
445	21.911431261758665
446	24.286514576084038
447	26.200270053718036
448	28.202377856956744
449	31.571933651422032
450	35.012624476735034
451	35.6187002627217
452	36.59594231503226
453	32.81639222154607
454	33.29579440303867
455	32.3176944598045
456	29.12368978497275
457	26.73570830233299
458	26.293399909114296
459	23.343191209942685
460	21.230371829532224
461	24.72019509310811
462	24.07891180631563
463	27.129524937961612
464	23.66678890254645
465	27.91936607384087
