pos	Fitness
82	-0.14450182470588235
83	-0.11506916633333332
84	-0.4773541670526316
85	-0.7964198480588235
86	-0.034543335105263154
87	-0.9525735585
88	-0.1022413735
89	-0.33293548222222213
90	-0.6236183305625002
91	-0.7013130402222223
92	-0.9914139161111114
93	-0.007639524166666665
94	-0.6986511199473684
95	-0.20625561293750003
96	-1.0441043571764705
97	-1.0188774585263158
98	-0.9410720620625
99	-0.9351393269411765
100	-0.5720602881052632
101	-0.35077777711111113
102	-0.7631960289411764
103	-0.8671041815333334
104	-0.8149188820000001
105	-0.4598662301111111
106	-0.6328335254210525
107	-0.9564988013125001
108	-0.8190447391111112
109	-0.8126522064705883
110	-0.2934432970588235
111	-0.3885947176875
112	-0.7385842809411763
113	-0.2141036888
114	-0.6827741544444443
115	-0.5422570313529412
116	-0.5778379028888889
117	-0.6291840572777777
118	-0.796024900647059
119	-0.5024986596666667
120	-0.6343888458333334
121	-0.9853719645555555
122	-0.8245995894736842
123	-0.9224015985
124	-0.9590150415555555
125	-0.5212694251764706
126	-0.05772625487500001
127	-0.05629048552941175
128	-0.36555560544444443
129	-0.962150626388889
130	-0.7988711242222224
131	-0.4580287912777777
132	-0.9639103203157894
133	-0.9007793648235294
134	-0.7444427739411763
135	-0.7541419111111111
136	-0.5253611915624999
137	-0.9319346714117648
138	-0.6260095522222223
139	-0.6594413458823528
140	-0.4315300626666667
141	-0.07032198884210528
142	-0.5528762543333333
143	-0.04770580937499999
144	-0.6868836396470588
145	-0.3689798513157894
146	-0.03692146561111112
147	0.17430673482352943
148	-0.20111862476470588
149	-0.014203788166666663
150	-0.019404547176470586
151	-0.46300118194117645
152	-0.7658204705000001
153	-0.46298696015384616
154	-0.4480343594705883
155	-0.5012887306111112
156	-0.781058203625
157	-0.8541929896111112
158	-0.9746709114117648
159	-0.851299229611111
160	-0.8522023493333335
161	-0.425350850368421
162	-0.4435307901052632
163	-0.8791207791111111
164	-0.996733155352941
165	-0.4825823296470588
166	-0.8025089917058825
167	-0.5639154023157895
168	-0.3284920618888889
169	-0.505785177388889
170	-0.40998386500000006
171	-0.6884147175789476
172	-0.4119452210000001
173	-0.6346023139444443
174	-0.8505480690555556
175	-0.918159631882353
176	-0.6385781024210526
177	-0.9997338568124998
178	-0.8363373672222223
179	-0.9888224121764705
180	-0.9586075025882353
181	-0.7617213250625
182	-0.9199638222631578
183	-0.962748533277778
184	-0.8882126841249999
185	-0.9253318592941177
186	-1.0158028938823531
187	-0.4036897717368421
188	-0.44640045018749996
189	-0.8648121221764705
190	-0.904599805777778
191	-0.8285862218333333
192	-0.9024748127777781
193	-0.9750637647222224
194	-0.8504475678235296
195	-0.7849284550000001
196	-0.8378675544117646
197	-0.15686753356250002
198	-0.5063303827058824
199	0.011696046705882356
200	-0.6357070784705883
201	-0.907470011466667
202	-0.7536992029473685
203	-0.9863755247777777
204	-0.6337552300555557
205	-0.6331403324210526
206	-0.8167355685789474
207	-0.9531067067894735
208	-0.6517832602777777
209	-0.6815660714705882
210	-0.343923031625
211	-0.6911148677058822
212	-0.3926540917222222
213	-0.6964341411666667
214	-0.9476102237647059
215	-0.649802079722222
216	-0.47604369874999997
217	-0.9913256758823531
218	-0.8988865948333332
219	-0.578657553764706
220	-0.34104051138888886
221	-0.1581828987368421
222	-0.5186121763157895
223	-0.845511087117647
224	-0.8641968271333335
225	-0.9951600868888888
226	-0.716115291625
227	-0.8415464771578947
228	-0.8540720963888888
229	-0.9157860818235295
230	-0.9296432621111111
231	-0.9186805555555555
232	-1.0024108567222223
233	-0.8046637220555556
234	-0.4423891793157895
235	-0.6547925833333333
236	-0.7202225371578947
237	-1.0520686846666665
238	-0.6287285148124999
239	-0.8364986468888888
240	-0.8728764305263157
241	-0.8538063834444445
242	-0.7143718077222223
243	-0.7485675957500001
244	-0.8259914240624999
245	-0.13322595811111113
246	-0.25604783288235294
247	0.13214037583333335
248	-0.1902778828823529
249	-0.06448989378947369
250	-0.4990398665555555
251	-0.0800015106111111
252	-0.680335906631579
253	-0.44106747347368425
254	-0.887068423105263
255	-0.6866598195263157
256	-0.8844114347777778
257	-0.754538780263158
258	-0.16063727117647056
259	-0.5380447443125
260	-1.149051087
261	-0.5425179263529412
262	-0.7439844658421052
263	-0.6955359142352942
264	-0.4805013547058823
265	-0.23874733766666673
266	-0.4220222802352941
267	-0.12020849788235294
268	-0.7054104021578947
269	-0.028252916833333332
270	-0.6590887080555555
271	-0.15497188016666663
272	-0.7600267054375001
273	-0.2316938248235294
274	-0.6704843204000001
275	-0.980103303
276	-1.04351324975
277	-1.0472008721764705
278	-1.1779997192222222
279	-1.0706478578571428
280	-1.0035537749999999
281	-0.898002438
282	-1.1624126179285714
283	-0.845550904888889
284	-0.35293331949999995
285	-0.69486856175
286	-0.05123177442857142
287	-0.9293250869999999
288	-0.9951186745
289	-1.0113373491428572
290	-0.9661452024615385
291	-1.029569834
292	-0.9125100660000001
293	-0.9039813234999999
294	-0.8647534184666666
295	-0.679110925923077
296	-0.47463987919999995
297	-0.9364298187777779
298	-0.9239431130666665
299	-0.8825539467499999
300	-0.9488705684375
301	-0.9449187954285713
302	-0.6097944747999999
303	-1.0466917545
304	-0.8829116397692307
305	-1.0327072615
306	-0.6524056738571428
307	-0.6437988091666667
308	-0.23866801876923077
309	-0.6907770499999999
310	-0.710358352
311	-0.7145794087999999
312	-0.5022852199166666
313	-0.24986823689999998
314	-0.864685929875
315	-0.5088651981111112
316	-0.744899525
317	-0.7433833725
318	-0.9412154537142859
319	-0.7295690084285714
320	-0.8977533576250001
321	-0.8897910795714286
322	-0.6159327622857144
323	-0.8130286726000001
324	-0.822292298125
325	-0.8408644181111112
326	-1.0223099155000002
327	-0.9972726951333334
328	-0.18167287226315784
329	-0.03958167215789473
330	-0.8038913306875
331	-0.06701205376923078
332	-0.18825945293333332
333	-0.7923581959
334	-0.6559297888888889
335	-0.9489314874
336	-0.17406580754545453
337	-0.8617415881818182
338	-0.13332003416666666
339	-0.1072559546666667
340	-0.7125069479411765
341	-0.8554788185789475
342	-0.2060987629473684
343	-0.7734670844444445
344	-0.22210007555555558
345	-0.6997268265882353
346	-0.14607334300000002
347	-0.547898481388889
348	-0.8899797068125
349	-0.7725245136666667
350	-1.1273784922777779
351	-0.9853869995882353
352	-1.0512941469444443
353	-0.9076461254444445
354	-1.047919722888889
355	-0.9092431958333334
356	-0.6351344130000001
357	-0.5980227356250001
358	-0.22283362121052633
359	-0.7723618699444444
360	-0.7636720011111112
361	-1.0039020847058826
362	-0.8770521725000001
363	-1.0307123905294118
364	-0.991547597117647
365	-0.8086577356666667
366	-0.7601786555789473
367	-0.3168298195555555
368	-0.27915338482352936
369	-0.2775463061578947
370	-0.10687127115789477
371	-0.6530377063529411
372	-0.13611299663157894
373	-1.0354987433888891
374	-1.0057750376842107
375	-1.029928187526316
376	-0.9257592245555557
377	-0.9380149787222223
378	-0.8988192180000001
379	-0.8310265037894735
380	-0.3913135711578947
381	-0.5051341910555557
382	-1.0870133245000002
383	-0.7295625763333333
384	-0.2221741612352941
385	-0.35745714366666664
386	-0.39941919944444443
387	-0.648477556263158
388	-0.4626221036111111
389	-0.7725665693888889
390	-0.021394014210526318
391	-0.35305562681249997
392	-0.167414232
393	-0.325267197368421
394	-0.7285816272352941
395	-1.0502532543888887
396	-0.5391339001111112
397	-0.6800299195555556
398	-0.8577173658421055
399	-0.3705012305555555
400	-0.12615732144444444
401	-0.1043666194375
402	-0.2533800901052632
403	-0.19374626129411765
404	-0.8055919756470589
405	-1.0721419987499998
406	-0.753076370631579
407	-0.9443153301111109
408	-0.9908073076470588
409	-0.8060653172105263
410	-0.9389572057777777
411	-0.9764031853333335
412	-0.5855370960555556
413	-0.8005672069375
414	-0.09605793770588236
415	-0.13283547410526317
416	-0.09572571664705881
417	-1.0737978289333334
418	-0.8461192106842105
419	-0.6721884830526315
420	-0.816418531625
421	-1.0748548303888892
422	-0.8146030162105263
423	-0.9181328647368422
424	-0.9075715302352941
425	-0.9907986668947366
426	-0.7111154607777778
427	-0.4894742068888889
428	-0.8793930640769231
429	-0.7530947835789472
430	-0.280631261875
431	-0.01689844310526316
432	-0.08930894299999999
433	-0.7382523610555556
434	-0.15112789031578946
435	-0.10764550688235291
436	-0.6441644482222223
437	0.03161653777777778
438	-0.8530837825882353
439	-0.7848130746666666
440	-0.803001105888889
441	-0.5711082622777777
442	-0.9438098581111112
443	-0.6671171428947369
444	-0.6107770211111112
445	-0.624151059777778
446	-0.5720564929473685
447	-0.795082800368421
448	-0.9656665944117646
449	-1.1396203666666667
450	-0.09366472872222224
451	-0.8603155804444446
452	-0.4636549814999999
453	-0.7676502070555554
454	-1.2822382032941178
455	-1.175519117111111
456	-2.2311589510588234
457	-0.8005908896666667
458	-1.4141956565882354
459	-2.0087780764375003
460	-1.1868595147499998
461	-0.6278211373750001
462	-0.901766452
463	-0.5408817688235295
464	-0.8408435853888889
465	0.12885386723529413
