pos	RSA_monomer	RSA_tetramer	delta_RSA	type	fit
82	0.8914728682170543	0.8914728682170543	0.0	exposed	-0.14450182470588235
83	0.7288888888888889	0.7288888888888889	0.0	exposed	-0.11506916633333332
84	0.20152091254752852	0.20152091254752852	0.0	exposed	-0.4773541670526316
85	0.06204379562043796	0.058394160583941604	0.003649635036496353	buried	-0.7964198480588235
86	0.3128205128205128	0.3128205128205128	0.0	exposed	-0.034543335105263154
87	0.03859649122807018	0.03859649122807018	0.0	buried	-0.9525735585
88	0.5032258064516129	0.5032258064516129	0.0	exposed	-0.1022413735
89	0.288135593220339	0.288135593220339	0.0	exposed	-0.33293548222222213
90	0.5660377358490566	0.5660377358490566	0.0	exposed	-0.6236183305625002
91	0.20179372197309417	0.20179372197309417	0.0	exposed	-0.7013130402222223
92	0.10778443113772455	0.10778443113772455	0.0	buried	-0.9914139161111114
93	0.6615384615384615	0.6615384615384615	0.0	exposed	-0.007639524166666665
94	0.05583756345177665	0.05583756345177665	0.0	buried	-0.6986511199473684
95	0.29651162790697677	0.29651162790697677	0.0	exposed	-0.20625561293750003
96	0.0	0.0	0.0	buried	-1.0441043571764705
97	0.004166666666666667	0.004166666666666667	0.0	buried	-1.0188774585263158
98	0.2248062015503876	0.0	0.2248062015503876	interface	-0.9410720620625
99	0.5094339622641509	0.018867924528301886	0.49056603773584906	interface	-0.9351393269411765
100	0.43333333333333335	0.041666666666666664	0.39166666666666666	interface	-0.5720602881052632
101	0.15483870967741936	0.012903225806451613	0.14193548387096774	buried	-0.35077777711111113
102	0.22033898305084745	0.00423728813559322	0.21610169491525424	interface	-0.7631960289411764
103	0.03626943005181347	0.010362694300518135	0.02590673575129533	buried	-0.8671041815333334
104	0.30256410256410254	0.0	0.30256410256410254	interface	-0.8149188820000001
105	0.0064516129032258064	0.0064516129032258064	0.0	buried	-0.4598662301111111
106	0.005076142131979695	0.005076142131979695	0.0	buried	-0.6328335254210525
107	0.5291970802919708	0.08394160583941605	0.4452554744525547	interface	-0.9564988013125001
108	0.40298507462686567	0.0	0.40298507462686567	interface	-0.8190447391111112
109	0.0064516129032258064	0.0064516129032258064	0.0	buried	-0.8126522064705883
110	0.34108527131782945	0.14728682170542637	0.19379844961240308	interface	-0.2934432970588235
111	0.7019230769230769	0.07692307692307693	0.625	interface	-0.3885947176875
112	0.3076923076923077	0.0673076923076923	0.24038461538461542	interface	-0.7385842809411763
113	0.48704663212435234	0.18652849740932642	0.3005181347150259	interface	-0.2141036888
114	0.06091370558375635	0.005076142131979695	0.05583756345177665	buried	-0.6827741544444443
115	0.07017543859649122	0.0035087719298245615	0.06666666666666667	buried	-0.5422570313529412
116	0.0	0.0	0.0	buried	-0.5778379028888889
117	0.005813953488372093	0.005813953488372093	0.0	buried	-0.6291840572777777
118	0.09124087591240876	0.09124087591240876	0.0	active site	-0.796024900647059
119	0.02666666666666667	0.02666666666666667	0.0	buried	-0.5024986596666667
120	0.006289308176100629	0.006289308176100629	0.0	buried	-0.6343888458333334
121	0.0038022813688212928	0.0038022813688212928	0.0	buried	-0.9853719645555555
122	0.005747126436781609	0.005747126436781609	0.0	buried	-0.8245995894736842
123	0.0	0.0	0.0	buried	-0.9224015985
124	0.017964071856287425	0.017964071856287425	0.0	buried	-0.9590150415555555
125	0.12435233160621761	0.11398963730569948	0.01036269430051813	buried	-0.5212694251764706
126	0.4779874213836478	0.3333333333333333	0.1446540880503145	exposed	-0.05772625487500001
127	0.7564766839378239	0.5181347150259067	0.23834196891191717	exposed	-0.05629048552941175
128	0.3855932203389831	0.3389830508474576	0.046610169491525466	exposed	-0.36555560544444443
129	0.10778443113772455	0.03592814371257485	0.07185628742514971	buried	-0.962150626388889
130	0.17110266159695817	0.17110266159695817	0.0	buried	-0.7988711242222224
131	0.004484304932735426	0.004484304932735426	0.0	buried	-0.4580287912777777
132	0.0	0.0	0.0	buried	-0.9639103203157894
133	0.0	0.0	0.0	buried	-0.9007793648235294
134	0.0	0.0	0.0	buried	-0.7444427739411763
135	0.0	0.0	0.0	buried	-0.7541419111111111
136	0.07174887892376682	0.03139013452914798	0.04035874439461883	buried	-0.5253611915624999
137	0.36538461538461536	0.0	0.36538461538461536	interface	-0.9319346714117648
138	0.040697674418604654	0.0	0.040697674418604654	buried	-0.6260095522222223
139	0.0872093023255814	0.0	0.0872093023255814	buried	-0.6594413458823528
140	0.004975124378109453	0.004975124378109453	0.0	buried	-0.4315300626666667
141	0.49230769230769234	0.4461538461538462	0.046153846153846156	exposed	-0.07032198884210528
142	0.29743589743589743	0.046153846153846156	0.2512820512820513	interface	-0.5528762543333333
143	0.6634615384615384	0.36538461538461536	0.2980769230769231	exposed	-0.04770580937499999
144	0.6428571428571429	0.05357142857142857	0.5892857142857143	interface	-0.6868836396470588
145	0.012903225806451613	0.012903225806451613	0.0	buried	-0.3689798513157894
146	0.4666666666666667	0.46153846153846156	0.00512820512820511	exposed	-0.03692146561111112
147	0.41450777202072536	0.41450777202072536	0.0	exposed	0.17430673482352943
148	0.05232558139534884	0.040697674418604654	0.011627906976744186	buried	-0.20111862476470588
149	0.19540229885057472	0.19540229885057472	0.0	buried	-0.014203788166666663
150	0.41517857142857145	0.41517857142857145	0.0	exposed	-0.019404547176470586
151	0.37305699481865284	0.37305699481865284	0.0	active site	-0.46300118194117645
152	0.3102189781021898	0.3102189781021898	0.0	active site	-0.7658204705000001
153	0.19767441860465115	0.19186046511627908	0.005813953488372076	antigenic	-0.46298696015384616
154	0.5723270440251572	0.24528301886792453	0.3270440251572327	interface	-0.4480343594705883
155	0.5931558935361216	0.17490494296577946	0.4182509505703422	interface	-0.5012887306111112
156	0.0	0.0	0.0	buried	-0.781058203625
157	0.0872093023255814	0.0	0.0872093023255814	buried	-0.8541929896111112
158	0.0	0.0	0.0	buried	-0.9746709114117648
159	0.0	0.0	0.0	buried	-0.851299229611111
160	0.11160714285714286	0.11160714285714286	0.0	buried	-0.8522023493333335
161	0.09743589743589744	0.09743589743589744	0.0	buried	-0.425350850368421
162	0.38666666666666666	0.27555555555555555	0.1111111111111111	exposed	-0.4435307901052632
163	0.15422885572139303	0.01990049751243781	0.13432835820895522	buried	-0.8791207791111111
164	0.33653846153846156	0.0	0.33653846153846156	interface	-0.996733155352941
165	0.3103448275862069	0.08045977011494253	0.22988505747126436	interface	-0.4825823296470588
166	0.18867924528301888	0.0	0.18867924528301888	buried	-0.8025089917058825
167	0.008333333333333333	0.008333333333333333	0.0	buried	-0.5639154023157895
168	0.3125	0.16964285714285715	0.14285714285714285	exposed	-0.3284920618888889
169	0.5771144278606966	0.0845771144278607	0.49253731343283585	interface	-0.505785177388889
170	0.6057692307692307	0.21153846153846154	0.39423076923076916	interface	-0.40998386500000006
171	0.05232558139534884	0.0	0.05232558139534884	buried	-0.6884147175789476
172	0.5932203389830508	0.22033898305084745	0.3728813559322034	interface	-0.4119452210000001
173	0.4260089686098655	0.004484304932735426	0.42152466367713004	interface	-0.6346023139444443
174	0.10919540229885058	0.07471264367816093	0.034482758620689655	buried	-0.8505480690555556
175	0.09580838323353294	0.005988023952095809	0.08982035928143713	buried	-0.918159631882353
176	0.49746192893401014	0.015228426395939087	0.48223350253807107	interface	-0.6385781024210526
177	0.0	0.0	0.0	buried	-0.9997338568124998
178	0.0456140350877193	0.0456140350877193	0.0	buried	-0.8363373672222223
179	0.0064516129032258064	0.0064516129032258064	0.0	buried	-0.9888224121764705
180	0.0	0.0	0.0	buried	-0.9586075025882353
181	0.0	0.0	0.0	buried	-0.7617213250625
182	0.0	0.0	0.0	buried	-0.9199638222631578
183	0.011976047904191617	0.011976047904191617	0.0	buried	-0.962748533277778
184	0.08035714285714286	0.08035714285714286	0.0	buried	-0.8882126841249999
185	0.0051813471502590676	0.0051813471502590676	0.0	buried	-0.9253318592941177
186	0.0673076923076923	0.0673076923076923	0.0	buried	-1.0158028938823531
187	0.4110169491525424	0.4110169491525424	0.0	exposed	-0.4036897717368421
188	0.046511627906976744	0.046511627906976744	0.0	buried	-0.44640045018749996
189	0.12631578947368421	0.12631578947368421	0.0	buried	-0.8648121221764705
190	0.004975124378109453	0.004975124378109453	0.0	buried	-0.904599805777778
191	0.06696428571428571	0.06696428571428571	0.0	buried	-0.8285862218333333
192	0.0	0.0	0.0	buried	-0.9024748127777781
193	0.005988023952095809	0.005988023952095809	0.0	buried	-0.9750637647222224
194	0.0	0.0	0.0	buried	-0.8504475678235296
195	0.1569767441860465	0.0	0.1569767441860465	buried	-0.7849284550000001
196	0.34615384615384615	0.11538461538461539	0.23076923076923075	interface	-0.8378675544117646
197	0.6321243523316062	0.38341968911917096	0.24870466321243528	antigenic	-0.15686753356250002
198	0.34196891191709844	0.34196891191709844	0.0	antigenic	-0.5063303827058824
199	0.6577777777777778	0.6577777777777778	0.0	antigenic	0.011696046705882356
200	0.49743589743589745	0.2358974358974359	0.26153846153846155	interface	-0.6357070784705883
201	0.0	0.0	0.0	buried	-0.907470011466667
202	0.36627906976744184	0.01744186046511628	0.3488372093023256	interface	-0.7536992029473685
203	0.0	0.0	0.0	buried	-0.9863755247777777
204	0.1870967741935484	0.012903225806451613	0.17419354838709677	buried	-0.6337552300555557
205	0.0	0.0	0.0	buried	-0.6331403324210526
206	0.13705583756345177	0.030456852791878174	0.10659898477157359	buried	-0.8167355685789474
207	0.060836501901140684	0.060836501901140684	0.0	buried	-0.9531067067894735
208	0.4666666666666667	0.37435897435897436	0.09230769230769231	exposed	-0.6517832602777777
209	0.6923076923076923	0.3076923076923077	0.3846153846153846	interface	-0.6815660714705882
210	0.5474452554744526	0.11678832116788321	0.43065693430656937	interface	-0.343923031625
211	0.5323383084577115	0.06467661691542288	0.4676616915422886	interface	-0.6911148677058822
212	0.27011494252873564	0.23563218390804597	0.03448275862068967	exposed	-0.3926540917222222
213	0.16580310880829016	0.05181347150259067	0.1139896373056995	buried	-0.6964341411666667
214	0.4	0.0064516129032258064	0.3935483870967742	interface	-0.9476102237647059
215	0.20304568527918782	0.13705583756345177	0.06598984771573604	exposed	-0.649802079722222
216	0.41346153846153844	0.125	0.28846153846153844	interface	-0.47604369874999997
217	0.03870967741935484	0.03870967741935484	0.0	buried	-0.9913256758823531
218	0.22105263157894736	0.22105263157894736	0.0	exposed	-0.8988865948333332
219	0.18064516129032257	0.18064516129032257	0.0	buried	-0.578657553764706
220	0.4067796610169492	0.4067796610169492	0.0	exposed	-0.34104051138888886
221	0.5127118644067796	0.5127118644067796	0.0	exposed	-0.1581828987368421
222	0.20304568527918782	0.20304568527918782	0.0	exposed	-0.5186121763157895
223	0.0	0.0	0.0	buried	-0.845511087117647
224	0.10948905109489052	0.10948905109489052	0.0	active site	-0.8641968271333335
225	0.023255813953488372	0.023255813953488372	0.0	buried	-0.9951600868888888
226	0.004484304932735426	0.004484304932735426	0.0	buried	-0.716115291625
227	0.04888888888888889	0.04888888888888889	0.0	buried	-0.8415464771578947
228	0.0	0.0	0.0	buried	-0.8540720963888888
229	0.017777777777777778	0.017777777777777778	0.0	buried	-0.9157860818235295
230	0.011976047904191617	0.011976047904191617	0.0	buried	-0.9296432621111111
231	0.022988505747126436	0.022988505747126436	0.0	buried	-0.9186805555555555
232	0.005988023952095809	0.005988023952095809	0.0	buried	-1.0024108567222223
233	0.04060913705583756	0.04060913705583756	0.0	buried	-0.8046637220555556
234	0.558974358974359	0.558974358974359	0.0	exposed	-0.4423891793157895
235	0.038461538461538464	0.038461538461538464	0.0	buried	-0.6547925833333333
236	0.0872093023255814	0.0872093023255814	0.0	buried	-0.7202225371578947
237	0.005988023952095809	0.005988023952095809	0.0	buried	-1.0520686846666665
238	0.01744186046511628	0.01744186046511628	0.0	buried	-0.6287285148124999
239	0.0	0.0	0.0	buried	-0.8364986468888888
240	0.028735632183908046	0.028735632183908046	0.0	buried	-0.8728764305263157
241	0.0	0.0	0.0	buried	-0.8538063834444445
242	0.023255813953488372	0.023255813953488372	0.0	buried	-0.7143718077222223
243	0.0	0.0	0.0	buried	-0.7485675957500001
244	0.057692307692307696	0.057692307692307696	0.0	buried	-0.8259914240624999
245	0.2709677419354839	0.2709677419354839	0.0	exposed	-0.13322595811111113
246	0.34108527131782945	0.34108527131782945	0.0	exposed	-0.25604783288235294
247	0.567741935483871	0.567741935483871	0.0	exposed	0.13214037583333335
248	0.125	0.125	0.0	buried	-0.1902778828823529
249	0.7838983050847458	0.7838983050847458	0.0	exposed	-0.06448989378947369
250	0.18604651162790697	0.18604651162790697	0.0	buried	-0.4990398665555555
251	0.40932642487046633	0.40932642487046633	0.0	exposed	-0.0800015106111111
252	0.05813953488372093	0.05813953488372093	0.0	buried	-0.680335906631579
253	0.2288135593220339	0.2288135593220339	0.0	exposed	-0.44106747347368425
254	0.0	0.0	0.0	buried	-0.887068423105263
255	0.0	0.0	0.0	buried	-0.6866598195263157
256	0.0	0.0	0.0	buried	-0.8844114347777778
257	0.005076142131979695	0.005076142131979695	0.0	buried	-0.754538780263158
258	0.3333333333333333	0.3333333333333333	0.0	exposed	-0.16063727117647056
259	0.49333333333333335	0.3422222222222222	0.15111111111111114	exposed	-0.5380447443125
260	0.009615384615384616	0.009615384615384616	0.0	buried	-1.149051087
261	0.4745762711864407	0.4025423728813559	0.07203389830508478	exposed	-0.5425179263529412
262	0.13705583756345177	0.13705583756345177	0.0	buried	-0.7439844658421052
263	0.3505747126436782	0.3505747126436782	0.0	exposed	-0.6955359142352942
264	0.33035714285714285	0.33035714285714285	0.0	exposed	-0.4805013547058823
265	0.36046511627906974	0.36046511627906974	0.0	exposed	-0.23874733766666673
266	0.05161290322580645	0.05161290322580645	0.0	buried	-0.4220222802352941
267	0.5345911949685535	0.5345911949685535	0.0	exposed	-0.12020849788235294
268	0.20398009950248755	0.20398009950248755	0.0	exposed	-0.7054104021578947
269	0.45806451612903226	0.45806451612903226	0.0	exposed	-0.028252916833333332
270	0.5	0.5	0.0	exposed	-0.6590887080555555
271	0.24516129032258063	0.24516129032258063	0.0	exposed	-0.15497188016666663
272	0.06201550387596899	0.06201550387596899	0.0	buried	-0.7600267054375001
273	0.336322869955157	0.336322869955157	0.0	exposed	-0.2316938248235294
274	0.013392857142857142	0.013392857142857142	0.0	buried	-0.6704843204000001
275	0.0	0.0	0.0	buried	-0.980103303
276	0.05333333333333334	0.05333333333333334	0.0	active site	-1.04351324975
277	0.12	0.12	0.0	buried	-1.0472008721764705
278	0.005988023952095809	0.005988023952095809	0.0	buried	-1.1779997192222222
279	0.0064516129032258064	0.0064516129032258064	0.0	buried	-1.0706478578571428
280	0.011976047904191617	0.011976047904191617	0.0	buried	-1.0035537749999999
281	0.0	0.0	0.0	buried	-0.898002438
282	0.025157232704402517	0.025157232704402517	0.0	buried	-1.1624126179285714
283	0.4051094890510949	0.4051094890510949	0.0	exposed	-0.845550904888889
284	0.4828897338403042	0.4828897338403042	0.0	exposed	-0.35293331949999995
285	0.42138364779874216	0.42138364779874216	0.0	exposed	-0.69486856175
286	0.10576923076923077	0.10576923076923077	0.0	buried	-0.05123177442857142
287	0.022988505747126436	0.022988505747126436	0.0	buried	-0.9293250869999999
288	0.0948905109489051	0.0948905109489051	0.0	buried	-0.9951186745
289	0.0	0.0	0.0	buried	-1.0113373491428572
290	0.0	0.0	0.0	buried	-0.9661452024615385
291	0.0	0.0	0.0	buried	-1.029569834
292	0.0948905109489051	0.0948905109489051	0.0	active site	-0.9125100660000001
293	0.0051813471502590676	0.0051813471502590676	0.0	buried	-0.9039813234999999
294	0.08205128205128205	0.08205128205128205	0.0	buried	-0.8647534184666666
295	0.256140350877193	0.256140350877193	0.0	exposed	-0.679110925923077
296	0.22033898305084745	0.22033898305084745	0.0	exposed	-0.47463987919999995
297	0.0	0.0	0.0	buried	-0.9364298187777779
298	0.0	0.0	0.0	buried	-0.9239431130666665
299	0.010256410256410256	0.010256410256410256	0.0	buried	-0.8825539467499999
300	0.029197080291970802	0.029197080291970802	0.0	buried	-0.9488705684375
301	0.0	0.0	0.0	buried	-0.9449187954285713
302	0.050761421319796954	0.050761421319796954	0.0	buried	-0.6097944747999999
303	0.0	0.0	0.0	buried	-1.0466917545
304	0.20725388601036268	0.20725388601036268	0.0	exposed	-0.8829116397692307
305	0.025380710659898477	0.025380710659898477	0.0	buried	-1.0327072615
306	0.21025641025641026	0.21025641025641026	0.0	exposed	-0.6524056738571428
307	0.06896551724137931	0.06896551724137931	0.0	buried	-0.6437988091666667
308	0.5169491525423728	0.5169491525423728	0.0	exposed	-0.23866801876923077
309	0.5181347150259067	0.5181347150259067	0.0	exposed	-0.6907770499999999
310	0.23193916349809887	0.23193916349809887	0.0	exposed	-0.710358352
311	0.38064516129032255	0.38064516129032255	0.0	exposed	-0.7145794087999999
312	0.07614213197969544	0.07614213197969544	0.0	buried	-0.5022852199166666
313	0.4942528735632184	0.4942528735632184	0.0	exposed	-0.24986823689999998
314	0.07096774193548387	0.07096774193548387	0.0	buried	-0.864685929875
315	0.25806451612903225	0.25806451612903225	0.0	exposed	-0.5088651981111112
316	0.0038022813688212928	0.0038022813688212928	0.0	buried	-0.744899525
317	0.05747126436781609	0.05747126436781609	0.0	buried	-0.7433833725
318	0.0658682634730539	0.0658682634730539	0.0	buried	-0.9412154537142859
319	0.0064516129032258064	0.0064516129032258064	0.0	buried	-0.7295690084285714
320	0.0	0.0	0.0	buried	-0.8977533576250001
321	0.024875621890547265	0.024875621890547265	0.0	buried	-0.8897910795714286
322	0.017241379310344827	0.017241379310344827	0.0	buried	-0.6159327622857144
323	0.057692307692307696	0.057692307692307696	0.0	buried	-0.8130286726000001
324	0.0	0.0	0.0	buried	-0.822292298125
325	0.029069767441860465	0.029069767441860465	0.0	buried	-0.8408644181111112
326	0.18867924528301888	0.18867924528301888	0.0	buried	-1.0223099155000002
327	0.010948905109489052	0.010948905109489052	0.0	buried	-0.9972726951333334
328	0.3601694915254237	0.3601694915254237	0.0	antigenic	-0.18167287226315784
329	0.36923076923076925	0.36923076923076925	0.0	antigenic	-0.03958167215789473
330	0.3005181347150259	0.3005181347150259	0.0	antigenic	-0.8038913306875
331	0.6193548387096774	0.6193548387096774	0.0	antigenic	-0.06701205376923078
332	0.4258064516129032	0.4258064516129032	0.0	antigenic	-0.18825945293333332
333	0.0064516129032258064	0.0064516129032258064	0.0	antigenic	-0.7923581959
334	0.16129032258064516	0.16129032258064516	0.0	antigenic	-0.6559297888888889
335	0.0064516129032258064	0.0064516129032258064	0.0	antigenic	-0.9489314874
336	0.5044642857142857	0.5044642857142857	0.0	antigenic	-0.17406580754545453
337	0.10179640718562874	0.10179640718562874	0.0	buried	-0.8617415881818182
338	0.527363184079602	0.527363184079602	0.0	exposed	-0.13332003416666666
339	0.48186528497409326	0.48186528497409326	0.0	antigenic	-0.1072559546666667
340	0.03773584905660377	0.03773584905660377	0.0	antigenic	-0.7125069479411765
341	0.11794871794871795	0.11794871794871795	0.0	antigenic	-0.8554788185789475
342	0.5435897435897435	0.5435897435897435	0.0	antigenic	-0.2060987629473684
343	0.09777777777777778	0.09777777777777778	0.0	antigenic	-0.7734670844444445
344	0.4	0.4	0.0	antigenic	-0.22210007555555558
345	0.0673076923076923	0.0673076923076923	0.0	antigenic	-0.6997268265882353
346	0.3173076923076923	0.3173076923076923	0.0	antigenic	-0.14607334300000002
347	0.6026785714285714	0.6026785714285714	0.0	antigenic	-0.547898481388889
348	0.019230769230769232	0.019230769230769232	0.0	buried	-0.8899797068125
349	0.022988505747126436	0.022988505747126436	0.0	buried	-0.7725245136666667
350	0.0	0.0	0.0	buried	-1.1273784922777779
351	0.0	0.0	0.0	buried	-0.9853869995882353
352	0.010526315789473684	0.010526315789473684	0.0	buried	-1.0512941469444443
353	0.031007751937984496	0.031007751937984496	0.0	buried	-0.9076461254444445
354	0.004166666666666667	0.004166666666666667	0.0	buried	-1.047919722888889
355	0.04145077720207254	0.04145077720207254	0.0	buried	-0.9092431958333334
356	0.22797927461139897	0.22797927461139897	0.0	exposed	-0.6351344130000001
357	0.5384615384615384	0.5384615384615384	0.0	exposed	-0.5980227356250001
358	0.5025641025641026	0.5025641025641026	0.0	exposed	-0.22283362121052633
359	0.18652849740932642	0.18652849740932642	0.0	buried	-0.7723618699444444
360	0.0	0.0	0.0	buried	-0.7636720011111112
361	0.0	0.0	0.0	buried	-1.0039020847058826
362	0.022321428571428572	0.022321428571428572	0.0	buried	-0.8770521725000001
363	0.0	0.0	0.0	buried	-1.0307123905294118
364	0.021897810218978103	0.021897810218978103	0.0	buried	-0.991547597117647
365	0.011627906976744186	0.011627906976744186	0.0	buried	-0.8086577356666667
366	0.04060913705583756	0.04060913705583756	0.0	buried	-0.7601786555789473
367	0.15483870967741936	0.15483870967741936	0.0	antigenic	-0.3168298195555555
368	0.28444444444444444	0.28444444444444444	0.0	antigenic	-0.27915338482352936
369	0.6652542372881356	0.6652542372881356	0.0	antigenic	-0.2775463061578947
370	0.527363184079602	0.527363184079602	0.0	antigenic	-0.10687127115789477
371	0.2591240875912409	0.2591240875912409	0.0	active site	-0.6530377063529411
372	0.1870967741935484	0.1870967741935484	0.0	buried	-0.13611299663157894
373	0.0	0.0	0.0	buried	-1.0354987433888891
374	0.0076045627376425855	0.0076045627376425855	0.0	buried	-1.0057750376842107
375	0.04888888888888889	0.04888888888888889	0.0	buried	-1.029928187526316
376	0.0	0.0	0.0	buried	-0.9257592245555557
377	0.0	0.0	0.0	buried	-0.9380149787222223
378	0.16101694915254236	0.16101694915254236	0.0	buried	-0.8988192180000001
379	0.0	0.0	0.0	buried	-0.8310265037894735
380	0.25380710659898476	0.25380710659898476	0.0	exposed	-0.3913135711578947
381	0.38666666666666666	0.38666666666666666	0.0	exposed	-0.5051341910555557
382	0.0	0.0	0.0	buried	-1.0870133245000002
383	0.12982456140350876	0.12982456140350876	0.0	buried	-0.7295625763333333
384	0.3548387096774194	0.3548387096774194	0.0	exposed	-0.2221741612352941
385	0.4661016949152542	0.4661016949152542	0.0	exposed	-0.35745714366666664
386	0.3836477987421384	0.3836477987421384	0.0	exposed	-0.39941919944444443
387	0.24102564102564103	0.24102564102564103	0.0	exposed	-0.648477556263158
388	0.07741935483870968	0.07741935483870968	0.0	buried	-0.4626221036111111
389	0.3050847457627119	0.3050847457627119	0.0	exposed	-0.7725665693888889
390	0.5223880597014925	0.5223880597014925	0.0	exposed	-0.021394014210526318
391	0.27802690582959644	0.27802690582959644	0.0	exposed	-0.35305562681249997
392	0.39593908629441626	0.39593908629441626	0.0	exposed	-0.167414232
393	0.29743589743589743	0.29743589743589743	0.0	exposed	-0.325267197368421
394	0.4051094890510949	0.4051094890510949	0.0	exposed	-0.7285816272352941
395	0.07623318385650224	0.07623318385650224	0.0	buried	-1.0502532543888887
396	0.2471264367816092	0.2471264367816092	0.0	exposed	-0.5391339001111112
397	0.0	0.0	0.0	buried	-0.6800299195555556
398	0.0	0.0	0.0	buried	-0.8577173658421055
399	0.29015544041450775	0.29015544041450775	0.0	exposed	-0.3705012305555555
400	0.5802919708029197	0.5802919708029197	0.0	antigenic	-0.12615732144444444
401	0.6538461538461539	0.6538461538461539	0.0	antigenic	-0.1043666194375
402	0.26666666666666666	0.26153846153846155	0.00512820512820511	antigenic	-0.2533800901052632
403	0.14233576642335766	0.14233576642335766	0.0	antigenic	-0.19374626129411765
404	0.0	0.0	0.0	buried	-0.8055919756470589
405	0.009615384615384616	0.009615384615384616	0.0	buried	-1.0721419987499998
406	0.045627376425855515	0.045627376425855515	0.0	active site	-0.753076370631579
407	0.025806451612903226	0.025806451612903226	0.0	buried	-0.9443153301111109
408	0.0	0.0	0.0	buried	-0.9908073076470588
409	0.005076142131979695	0.005076142131979695	0.0	buried	-0.8060653172105263
410	0.0	0.0	0.0	buried	-0.9389572057777777
411	0.0	0.0	0.0	buried	-0.9764031853333335
412	0.23563218390804597	0.05172413793103448	0.1839080459770115	interface	-0.5855370960555556
413	0.36444444444444446	0.25333333333333335	0.1111111111111111	exposed	-0.8005672069375
414	0.3173076923076923	0.21153846153846154	0.10576923076923075	exposed	-0.09605793770588236
415	0.8177966101694916	0.673728813559322	0.14406779661016955	exposed	-0.13283547410526317
416	0.5548387096774193	0.5548387096774193	0.0	exposed	-0.09572571664705881
417	0.2155688622754491	0.2155688622754491	0.0	exposed	-1.0737978289333334
418	0.02030456852791878	0.02030456852791878	0.0	buried	-0.8461192106842105
419	0.15384615384615385	0.07692307692307693	0.07692307692307693	buried	-0.6721884830526315
420	0.025547445255474453	0.025547445255474453	0.0	buried	-0.816418531625
421	0.011976047904191617	0.011976047904191617	0.0	buried	-1.0748548303888892
422	0.0	0.0	0.0	buried	-0.8146030162105263
423	0.0	0.0	0.0	buried	-0.9181328647368422
424	0.0	0.0	0.0	buried	-0.9075715302352941
425	0.0	0.0	0.0	buried	-0.9907986668947366
426	0.0	0.0	0.0	buried	-0.7111154607777778
427	0.03553299492385787	0.03553299492385787	0.0	buried	-0.4894742068888889
428	0.08029197080291971	0.08029197080291971	0.0	buried	-0.8793930640769231
429	0.0	0.0	0.0	buried	-0.7530947835789472
430	0.28102189781021897	0.28102189781021897	0.0	exposed	-0.280631261875
431	0.5211864406779662	0.5211864406779662	0.0	antigenic	-0.01689844310526316
432	0.5866666666666667	0.5866666666666667	0.0	antigenic	-0.08930894299999999
433	0.1511111111111111	0.1511111111111111	0.0	antigenic	-0.7382523610555556
434	0.48255813953488375	0.48255813953488375	0.0	antigenic	-0.15112789031578946
435	0.4311111111111111	0.4311111111111111	0.0	exposed	-0.10764550688235291
436	0.011494252873563218	0.011494252873563218	0.0	buried	-0.6441644482222223
437	0.31343283582089554	0.31343283582089554	0.0	exposed	0.03161653777777778
438	0.0	0.0	0.0	buried	-0.8530837825882353
439	0.029069767441860465	0.029069767441860465	0.0	buried	-0.7848130746666666
440	0.0064516129032258064	0.0064516129032258064	0.0	buried	-0.803001105888889
441	0.010256410256410256	0.010256410256410256	0.0	buried	-0.5711082622777777
442	0.0	0.0	0.0	buried	-0.9438098581111112
443	0.01015228426395939	0.01015228426395939	0.0	buried	-0.6671171428947369
444	0.017241379310344827	0.0	0.017241379310344827	buried	-0.6107770211111112
445	0.005747126436781609	0.0	0.005747126436781609	buried	-0.624151059777778
446	0.008333333333333333	0.008333333333333333	0.0	buried	-0.5720564929473685
447	0.09580838323353294	0.011976047904191617	0.08383233532934133	buried	-0.795082800368421
448	0.07692307692307693	0.009615384615384616	0.06730769230769232	buried	-0.9656665944117646
449	0.19186046511627908	0.023255813953488372	0.16860465116279072	buried	-1.1396203666666667
450	0.567741935483871	0.3548387096774194	0.2129032258064516	exposed	-0.09366472872222224
451	0.3173076923076923	0.14423076923076922	0.17307692307692307	interface	-0.8603155804444446
452	0.8023255813953488	0.4883720930232558	0.313953488372093	exposed	-0.4636549814999999
453	0.30038022813688214	0.18631178707224336	0.11406844106463879	exposed	-0.7676502070555554
454	0.5384615384615384	0.0673076923076923	0.47115384615384615	interface	-1.2822382032941178
455	0.8430232558139535	0.37790697674418605	0.4651162790697675	interface	-1.175519117111111
456	0.3076923076923077	0.08653846153846154	0.22115384615384617	interface	-2.2311589510588234
457	0.2838709677419355	0.16774193548387098	0.11612903225806451	exposed	-0.8005908896666667
458	0.28771929824561404	0.02456140350877193	0.2631578947368421	interface	-1.4141956565882354
459	0.18238993710691823	0.025157232704402517	0.15723270440251572	buried	-2.0087780764375003
460	0.02072538860103627	0.02072538860103627	0.0	buried	-1.1868595147499998
461	0.3076923076923077	0.125	0.1826923076923077	interface	-0.6278211373750001
462	0.09302325581395349	0.08527131782945736	0.007751937984496124	buried	-0.901766452
463	0.40414507772020725	0.3626943005181347	0.04145077720207252	exposed	-0.5408817688235295
464	0.06598984771573604	0.06598984771573604	0.0	buried	-0.8408435853888889
465	0.6153846153846154	0.6153846153846154	0.0	exposed	0.12885386723529413
